epoch,val_loss,val_ca_acc,test_loss,test_ca_acc
1,1.6006612475964885,0.297,0,0
2,1.5646738612378488,0.31333333333333335,0,0
3,1.5159835876552432,0.34246666666666664,0,0
