epoch,val_loss,val_ca_acc,test_loss,test_ca_acc
1,1.5572042278666443,0.32053333333333334,0,0
2,1.4982139683677569,0.3586,0,0
