epoch,val_loss,val_ca_acc,test_loss,test_ca_acc
1,1.5572042278641702,0.32053333333333334,0,0
