epoch,val_loss,val_ca_acc,test_loss,test_ca_acc
1,2.7049555234256903,0.1293125,1.5796458219140315,0.318
