epoch,val_1-shot_5-way_acc,val_loss
1,0.29273333333333335,1.5671044133772285
2,0.3064,1.557832217603002
3,0.3072666666666667,1.5490575461633445
4,0.3078,1.5574820366315365
5,0.3101333333333333,1.546661982438834
6,0.3274,1.523799370105627
7,0.3348,1.51941762268368
8,0.3293333333333333,1.5355863217182095
