epoch,val_1-shot_5-way_acc,val_loss
1,0.29373333333333335,1.5856121465927433
2,0.29933333333333334,1.5748557068321394
3,0.31346666666666667,1.569222135514781
