epoch,val_1-shot_5-way_acc,val_loss
1,0.29273333333333335,1.56710441337723
2,0.3064,1.5578322176030053
3,0.3072666666666667,1.5490575461633445
4,0.31606666666666666,1.5460747129455958
5,0.3342,1.535195219208719
6,0.3282,1.5367004816724257
7,0.3218666666666667,1.5293806253953155
8,0.3364,1.533987520165488
9,0.33193333333333336,1.5278444146966903
