epoch,val_1-shot_5-way_acc,val_loss
1,0.29273333333333335,1.5671044133772323
2,0.3064,1.5578322176030028
3,0.3072666666666667,1.5490575461633516
4,0.31606666666666666,1.5460747129455925
5,0.3342,1.5351952192087057
6,0.3282,1.536700481672431
7,0.3218666666666667,1.5293806253952569
8,0.3364,1.5339875201654507
9,0.33193333333333336,1.527844414696711
