epoch,val_1-shot_5-way_acc,val_loss
1,0.29273333333333335,1.5671044133772325
2,0.3064,1.5578322176030053
