epoch,val_1-shot_5-way_acc,val_loss
1,0.296,1.6546629949107534
2,0.30473333333333336,1.61496644779039
3,0.3144,1.6001260009621314
4,0.31693333333333334,1.590312191785484
5,0.31526666666666664,1.5815397514012701
6,0.31933333333333336,1.5720773305484423
7,0.31766666666666665,1.5724824297559086
8,0.31533333333333335,1.564751943578245
9,0.3298,1.556521144140426
