epoch,val_1-shot_5-way_acc,val_loss
1,0.2788,1.5944809515225675
2,0.2996,1.5843277893575947
