epoch,categorical_accuracy,loss,val_1-shot_5-way_acc,val_loss
1,0.3189333333333333,1.5455297909115364,0.29706666666666665,1.5717929974503444
