epoch,test_1-shot_5-way_acc,test_loss,val_1-shot_5-way_acc,val_loss
1,0.29573333333333335,1.587851179894683,0.28933333333333333,1.5870677108759987
2,0.30773333333333336,1.5755837300348128,0.2981333333333333,1.577038900727227
3,0.3192,1.5638407645174761,0.3016,1.5769752017934147
4,0.33813333333333334,1.543559725549128,0.31333333333333335,1.5681145349210532
5,0.34973333333333334,1.5354215561067257,0.3142666666666667,1.5649632392162474
6,0.3464,1.5386258742046606,0.3237333333333333,1.5540262170045753
7,0.35306666666666664,1.5290932848330956,0.3277333333333333,1.5502836978534325
8,0.3450666666666667,1.5370949772764877,0.3350666666666667,1.5416954217147525
